{
  "recycled_percentage": 0.24145645802023735,
  "sustainability_certified": 0.24679412885817845,
  "eco_industrial_park_member": 0.2319195409978245,
  "recycling_rate": 0.13126212197954318,
  "byproduct_reuse_index": 0.07464101378309856,
  "energy_recovery_rate": 0.034243802693130335,
  "CO2_emissions_tons": 0.019462458117998294,
  "waste_generated_tons": 0.02022047554998938
}