{
  "recycled_percentage": {
    "bins": [
      10.247496015872043,
      18.70773563382896,
      27.167975251785883,
      35.6282148697428,
      44.08845448769972,
      52.54869410565664,
      61.00893372361356,
      69.46917334157048,
      77.9294129595274,
      86.38965257748431,
      94.84989219544124
    ],
    "counts": [
      103,
      94,
      92,
      92,
      94,
      100,
      100,
      103,
      130,
      92
    ]
  },
  "sustainability_certified": {
    "bins": [
      0.0,
      0.1,
      0.2,
      0.30000000000000004,
      0.4,
      0.5,
      0.6000000000000001,
      0.7000000000000001,
      0.8,
      0.9,
      1.0
    ],
    "counts": [
      526,
      0,
      0,
      0,
      0,
      0,
      0,
      0,
      0,
      474
    ]
  },
  "eco_industrial_park_member": {
    "bins": [
      0.0,
      0.1,
      0.2,
      0.30000000000000004,
      0.4,
      0.5,
      0.6000000000000001,
      0.7000000000000001,
      0.8,
      0.9,
      1.0
    ],
    "counts": [
      655,
      0,
      0,
      0,
      0,
      0,
      0,
      0,
      0,
      345
    ]
  },
  "recycling_rate": {
    "bins": [
      0.050106780419765,
      0.14001427147954645,
      0.22992176253932792,
      0.3198292535991094,
      0.4097367446588909,
      0.49964423571867234,
      0.5895517267784538,
      0.6794592178382353,
      0.7693667088980167,
      0.8592741999577982,
      0.9491816910175797
    ],
    "counts": [
      103,
      91,
      98,
      88,
      104,
      105,
      109,
      106,
      107,
      89
    ]
  },
  "byproduct_reuse_index": {
    "bins": [
      0.0505755147744814,
      0.14050146803967425,
      0.2304274213048671,
      0.32035337457005997,
      0.41027932783525284,
      0.5002052811004457,
      0.5901312343656385,
      0.6800571876308315,
      0.7699831408960243,
      0.8599090941612171,
      0.94983504742641
    ],
    "counts": [
      79,
      103,
      113,
      110,
      87,
      102,
      96,
      98,
      103,
      109
    ]
  },
  "energy_recovery_rate": {
    "bins": [
      0.050216602768612,
      0.14018528249520526,
      0.2301539622217985,
      0.32012264194839174,
      0.410091321674985,
      0.5000600014015782,
      0.5900286811281714,
      0.6799973608547647,
      0.769966040581358,
      0.8599347203079513,
      0.9499034000345444
    ],
    "counts": [
      93,
      113,
      91,
      100,
      97,
      113,
      103,
      89,
      105,
      96
    ]
  },
  "CO2_emissions_tons": {
    "bins": [
      20.882550594278754,
      98.75501086751116,
      176.62747114074358,
      254.49993141397596,
      332.3723916872084,
      410.24485196044077,
      488.1173122336732,
      565.9897725069056,
      643.862232780138,
      721.7346930533704,
      799.6071533266029
    ],
    "counts": [
      105,
      103,
      102,
      92,
      98,
      110,
      110,
      102,
      89,
      89
    ]
  },
  "waste_generated_tons": {
    "bins": [
      5.18511740539457,
      34.66215837720392,
      64.13919934901327,
      93.61624032082263,
      123.09328129263197,
      152.57032226444133,
      182.0473632362507,
      211.52440420806005,
      241.0014451798694,
      270.47848615167874,
      299.9555271234881
    ],
    "counts": [
      106,
      96,
      106,
      86,
      99,
      100,
      114,
      106,
      91,
      96
    ]
  }
}