{
  "recycled_percentage": 6.139767455670027,
  "sustainability_certified": 7.741645509595795,
  "eco_industrial_park_member": 6.8473402533075785,
  "recycling_rate": 4.139192493493835,
  "byproduct_reuse_index": 2.727528949043425,
  "energy_recovery_rate": 1.3689730376905183,
  "CO2_emissions_tons": 0.7182457097198462,
  "waste_generated_tons": 0.6661552303590834
}